{"accuracy_score": 0.75, "precision_score": 0.7142857142857143, "recall_score": 0.7407407407407407, "roc_auc_score": 0.7491582491582491}