{"accuracy": 0.8, "precision": 0.8214285714285714, "recall": 0.7666666666666667, "roc_auc": 0.8}