{"accuracy_score": 0.8, "precision_score": 0.8214285714285714, "recall_score": 0.7666666666666667, "roc_auc_score": 0.8}