{"accuracy_score": 0.8222222222222222, "precision_score": 0.7857142857142857, "recall_score": 0.825}